{"cameraMode":{"drawMode":0,"name":"Shaded","section":"Shading Mode"},"sceneLighting":false,"audioPlay":false,"sceneViewState":{"showFog":true,"showMaterialUpdate":false,"showSkybox":true,"showFlares":true,"showImageEffects":true,"showParticleSystems":true},"in2DMode":false,"pivot":{"x":-133.98760986328126,"y":0.5861899256706238,"z":7.514291763305664},"rotation":{"x":-0.20761370658874513,"y":-0.7479835152626038,"z":0.273375540971756,"w":-0.5680520534515381},"size":5.184970855712891,"orthographic":false}