{"cameraMode":{"drawMode":0,"name":"Shaded","section":"Shading Mode"},"sceneLighting":false,"audioPlay":false,"sceneViewState":{"showFog":true,"showMaterialUpdate":false,"showSkybox":true,"showFlares":true,"showImageEffects":true,"showParticleSystems":true},"in2DMode":false,"pivot":{"x":-27.244295120239259,"y":0.4625892639160156,"z":2.2807083129882814},"rotation":{"x":0.30018657445907595,"y":-0.05433264747262001,"z":0.01712912507355213,"w":0.9521778225898743},"size":178.98977661132813,"orthographic":false}