{"cameraMode":{"drawMode":0,"name":"Shaded","section":"Shading Mode"},"sceneLighting":false,"audioPlay":false,"sceneViewState":{"showFog":true,"showMaterialUpdate":false,"showSkybox":true,"showFlares":true,"showImageEffects":true,"showParticleSystems":true},"in2DMode":false,"pivot":{"x":11.275920867919922,"y":-0.9968986511230469,"z":-9.872804641723633},"rotation":{"x":0.5801341533660889,"y":0.003665674477815628,"z":-0.002610789844766259,"w":0.8145085573196411},"size":34.808589935302737,"orthographic":false}