{"cameraMode":{"drawMode":0,"name":"Shaded","section":"Shading Mode"},"sceneLighting":false,"audioPlay":false,"sceneViewState":{"showFog":true,"showMaterialUpdate":false,"showSkybox":true,"showFlares":true,"showImageEffects":true,"showParticleSystems":true},"in2DMode":false,"pivot":{"x":8.050663948059082,"y":-1.1378593444824219,"z":-9.39365005493164},"rotation":{"x":0.6766673922538757,"y":0.014354325830936432,"z":-0.013196608051657677,"w":0.736030638217926},"size":28.9573974609375,"orthographic":false}