{"cameraMode":{"drawMode":0,"name":"Shaded","section":"Shading Mode"},"sceneLighting":false,"audioPlay":false,"sceneViewState":{"showFog":true,"showMaterialUpdate":false,"showSkybox":true,"showFlares":true,"showImageEffects":true,"showParticleSystems":true},"in2DMode":false,"pivot":{"x":3.5999999046325685,"y":0.4099999666213989,"z":-14.520000457763672},"rotation":{"x":0.6996373534202576,"y":0.003215215401723981,"z":-0.0031483578495681288,"w":0.7144839763641357},"size":12.673891067504883,"orthographic":false}