{"cameraMode":{"drawMode":0,"name":"Shaded","section":"Shading Mode"},"sceneLighting":false,"audioPlay":false,"sceneViewState":{"showFog":true,"showMaterialUpdate":false,"showSkybox":true,"showFlares":true,"showImageEffects":true,"showParticleSystems":true},"in2DMode":false,"pivot":{"x":-104.41184997558594,"y":1.3044452667236329,"z":1.5425952672958375},"rotation":{"x":0.6996373534202576,"y":0.003215215401723981,"z":-0.0031483578495681288,"w":0.7144839763641357},"size":30.26937484741211,"orthographic":false}