{"cameraMode":{"drawMode":0,"name":"Shaded","section":"Shading Mode"},"sceneLighting":false,"audioPlay":false,"sceneViewState":{"showFog":true,"showMaterialUpdate":false,"showSkybox":true,"showFlares":true,"showImageEffects":true,"showParticleSystems":true},"in2DMode":false,"pivot":{"x":10.0,"y":-0.09739789366722107,"z":-9.98499870300293},"rotation":{"x":0.5544459819793701,"y":0.04986325278878212,"z":-0.03330671042203903,"w":0.8300566077232361},"size":86.25533294677735,"orthographic":false}