{"cameraMode":{"drawMode":0,"name":"Shaded","section":"Shading Mode"},"sceneLighting":false,"audioPlay":false,"sceneViewState":{"showFog":true,"showMaterialUpdate":false,"showSkybox":true,"showFlares":true,"showImageEffects":true,"showParticleSystems":true},"in2DMode":false,"pivot":{"x":-54.879638671875,"y":-38.1724967956543,"z":-11.107181549072266},"rotation":{"x":-0.20761370658874513,"y":-0.7479835152626038,"z":0.273375540971756,"w":-0.5680520534515381},"size":99.56088256835938,"orthographic":false}