{"cameraMode":{"drawMode":0,"name":"Shaded","section":"Shading Mode"},"sceneLighting":false,"audioPlay":false,"sceneViewState":{"showFog":true,"showMaterialUpdate":false,"showSkybox":true,"showFlares":true,"showImageEffects":true,"showParticleSystems":true},"in2DMode":false,"pivot":{"x":-42.731178283691409,"y":5.153093338012695,"z":-46.88248062133789},"rotation":{"x":0.012268386781215668,"y":0.9823789000511169,"z":-0.17299509048461915,"w":0.06967002153396607},"size":95.2164306640625,"orthographic":false}